State,DAY_1,DAY_2,DAY_3,DAY_4,DAY_5,DAY_6,DAY_7,DAY_8,DAY_9,DAY_10,DAY_11,DAY_12,DAY_13,DAY_14,DAY_15,DAY_16,DAY_17,DAY_18,DAY_19,DAY_20,DAY_21,DAY_22,DAY_23,DAY_24,DAY_25,DAY_26,DAY_27,DAY_28,DAY_29,DAY_30,DAY_31,DAY_32,DAY_33,DAY_34,DAY_35,DAY_36,DAY_37,DAY_38,DAY_39,DAY_40,DAY_41,DAY_42,DAY_43,DAY_44,DAY_45,DAY_46,DAY_47,DAY_48,DAY_49,DAY_50,DAY_51,DAY_52,DAY_53,DAY_54,DAY_55,DAY_56,DAY_57,DAY_58,DAY_59,DAY_60,DAY_61,DAY_62,DAY_63,DAY_64,DAY_65,DAY_66,DAY_67,DAY_68,DAY_69,DAY_70,DAY_71,DAY_72,DAY_73,DAY_74,DAY_75,DAY_76,DAY_77,DAY_78,DAY_79,DAY_80,DAY_81,DAY_82,DAY_83,DAY_84,DAY_85
AK,0.07571131061085408,0.11356696591628113,0.11356696591628113,0.11356696591628113,0.15142262122170816,0.22713393183256225,0.3407008977488434,0.6814017954976868,0.946391382635676,1.5520818675225088,2.1199166971039145,3.0284524244341635,4.0126994623752665,4.996946500316369,6.4354614019225975,8.06325458005596,9.804614724105603,11.50811921284982,13.665891565259162,16.088653504806494,18.58712675496468,21.350589592260853,24.114052429557027,27.369638785823753,30.73879210800676,34.41079067263318,38.4992014456193,42.17120001024573,51.78653645782419,52.27865997679474,57.69201868547081,63.06752173884145,67.08022120121672,70.79007542114857,75.93844454268664,80.29184490281075,84.75881222885114,88.8850786571427,92.55707722176912,98.23542551758317,100.9231770442685,102.8916711201507,103.98948512400808,105.65513395744688,107.43434975680195,108.75929769249188,110.34923521531982,111.52276052978806,112.9612754313943,114.13480074586253,115.27047040502535,116.3304287535773,117.35253144682383,118.22321151884866,118.86675765904091,119.6995820757603,120.11599428412,120.380983871258,120.91096304553398,121.28951959858824,121.81949877286422,122.31162229183477,122.72803450019447,123.0308797426379,123.14444670855417,123.44729195099758,123.67442588283015,124.015126780579,124.28011636771699,124.43153898893868,124.65867292077125,124.84795119729839,124.96151816321466,125.1507964397418,125.34007471626893,125.45364168218522,125.71863126932321,125.94576520115577,126.09718782237748,126.24861044359919,126.36217740951547,126.43788872012632,126.43788872012632,126.51360003073718,126.58931134134802
AL,0.518679323804889,0.7780189857073335,0.7780189857073335,0.7780189857073335,1.037358647609778,1.556037971414667,2.3340569571220007,4.668113914244001,6.483491547561113,10.632926138000226,14.523021066536893,20.747172952195562,27.49000416165912,34.232835371122675,44.087742523415564,55.23934798522068,67.16897243273313,78.83925721834314,93.62161794678246,110.21935630853892,127.33577399410025,146.2675693129787,165.19936463185715,187.5025755554674,210.58380546478494,235.73975266932206,263.7484361547861,288.90438335932316,354.77665748254407,358.14807308727586,395.2336447393254,432.05987672947253,459.5498808911317,484.96516775757124,520.2353617763036,550.0594228950848,580.6615029995733,608.9295261469397,634.0854733514768,672.9864226368435,691.399538631917,704.8852010508442,712.4060512460151,723.8169963697227,736.0059604791376,745.0828486457231,755.9751144456258,764.0146439646015,773.8695511168944,781.9090806358702,789.6892704929436,796.950781026212,803.952951897578,809.9177641213342,814.3265383736758,820.0320109355296,822.8847472164564,824.7001248497736,828.3308801164078,830.9242767354323,834.5550320020665,837.9264476067982,840.7791838877251,842.8539011829447,843.631920168652,845.7066374638715,847.2626754352863,849.5967323924082,851.4121100257254,852.4494686733351,854.0055066447497,855.302204954262,856.0802239399693,857.3769222494816,858.6736205589938,859.4516395447012,861.2670171780182,862.8230551494329,863.8604137970427,864.8977724446524,865.6757914303598,866.1944707541646,866.1944707541646,866.7131500779695,867.2318294017745
AR,0.31089341016734834,0.46634011525102254,0.46634011525102254,0.46634011525102254,0.6217868203346967,0.9326802305020451,1.3990203457530677,2.7980406915061353,3.8861676270918544,6.3733149084306415,8.705015484685754,12.435736406693934,16.47735073886946,20.518965071044992,26.42593986422461,33.1101481828226,40.26069661667161,47.25579834543695,56.11626053520638,66.06484966056152,76.32433219608401,87.67194166719223,99.01955113830044,112.38796777549643,126.22272452794343,141.30105492105983,158.08929907009664,173.16762946321302,212.65109255446626,214.67189972055402,236.90077854751945,258.9742106694012,275.45156140827066,290.6853385064707,311.8260903978504,329.7024614824729,348.0451726823465,364.98886353646697,380.06719392958337,403.3841996921345,414.42091575307535,422.5041444174264,427.01209886485293,433.85175388853463,441.15774902746733,446.5983837053959,453.1271453189102,457.94599317650415,463.85296796968373,468.6718158272776,473.33521697978784,477.6877247221307,481.88478575938996,485.4600599763144,488.1026539627369,491.5224814745777,493.2323952304981,494.3205221660839,496.4967760372553,498.05124308809206,500.2274969592635,502.24830412535124,503.95821788127165,505.20179152194106,505.66813163719206,506.9117052778615,507.84438550836353,509.2434058541166,510.3315327897023,510.953319610037,511.88599984053906,512.6632333659575,513.1295734812085,513.9068070066269,514.6840405320452,515.1503806472962,516.2385075828819,517.171187813384,517.7929746337187,518.4147614540534,518.8811015693044,519.1919949794717,519.1919949794717,519.5028883896391,519.8137817998064
AZ,0.7382822931507808,1.107423439726171,1.107423439726171,1.107423439726171,1.4765645863015615,2.214846879452342,3.3222703191785135,6.644540638357027,9.22852866438476,15.134787009591005,20.67190420822186,29.531291726031228,39.128961536991376,48.726631347951525,62.753994917816364,78.62706422055815,95.6075569630261,112.21890855891867,133.25995391371592,156.8849872945409,181.24830296851667,208.19560666852016,235.14291036852367,266.8890489740072,299.74261101921695,335.54930223702985,375.416546067172,411.22323728498486,504.985088515134,509.7839234206141,562.5711073808949,614.9891501946004,654.1181117315917,690.29394409598,740.497140030233,782.9483718864029,826.507027182299,866.7434121590165,902.5501033768294,957.921275363138,984.1302967699908,1003.325636391911,1014.0307296425973,1030.2729400919145,1047.622573980958,1060.5425141110966,1076.0464422672628,1087.4898178111,1101.5171813809648,1112.960556924802,1124.0347913220637,1134.3707434261746,1144.33755438371,1152.827800754944,1159.1032002467257,1167.2243054713842,1171.2848580837135,1173.8688461097413,1179.0368221617969,1182.7282336275507,1187.8962096796063,1192.6950445850862,1196.7555971974155,1199.7087263700187,1200.816149809745,1203.769278982348,1205.9841258618003,1209.306396180979,1211.8903842070065,1213.3669487933082,1215.5817956727606,1217.4275014056375,1218.5349248453635,1220.3806305782405,1222.2263363111174,1223.3337597508437,1225.9177477768715,1228.1325946563238,1229.6091592426253,1231.0857238289268,1232.193147268653,1232.9314295618037,1232.9314295618037,1233.6697118549546,1234.4079941481054
CA,4.0817117779659355,6.122567666948902,6.122567666948902,6.122567666948902,8.163423555931871,12.245135333897805,18.36770300084671,36.73540600169342,51.02139722457419,83.67509144830167,114.28792978304618,163.26847111863742,216.33072423219457,269.3929773457517,346.9455011271045,434.7023043533721,528.5816752465886,620.4201902508222,736.7489759228513,867.3637528177612,1002.060241490637,1151.0427213863936,1300.0252012821504,1475.5388077346856,1657.1749818541698,1855.1380030855175,2075.550439095678,2273.5134603270258,2791.8908561287,2818.4219826854783,3110.2643748100427,3400.065911045624,3616.3966352778184,3816.4005123981497,4093.956913299833,4328.655340532874,4569.476335432864,4791.929627332008,4989.892648563356,5296.021031910801,5440.921800028592,5547.0463062557055,5606.2311270362125,5696.028786151463,5791.949012933662,5863.378969048066,5949.09491638535,6012.361448943822,6089.913972725175,6153.180505283647,6214.406181953136,6271.550146844659,6326.6532558472,6373.592941293808,6408.287491406519,6453.186320964143,6475.635735742956,6489.921726965837,6518.4937094115985,6538.902268301428,6567.47425074719,6594.005377303968,6616.454792082781,6632.781639194644,6638.904206861594,6655.231053973457,6667.4761893073555,6685.843892308202,6700.129883531083,6708.293307087015,6720.538442420912,6730.742721865827,6736.865289532776,6747.069568977691,6757.273848422606,6763.396416089555,6777.682407312435,6789.927542646334,6798.090966202265,6806.254389758197,6812.3769574251455,6816.458669203112,6816.458669203112,6820.540380981078,6824.622092759044
CO,0.5960469299899191,0.8940703949848787,0.8940703949848787,0.8940703949848787,1.1920938599798383,1.7881407899697574,2.682211184954636,5.364422369909272,7.450586624873989,12.218962064793342,16.689314039717736,23.841877199596766,31.590487289465713,39.33909737933466,50.663989049143126,63.47899804392639,77.18807743369453,90.59913335846771,107.58647086318041,126.65997262285782,146.32952131252515,168.0852342571572,189.84094720178925,215.47096519135576,241.99505357590718,270.90332968041827,303.0898638998739,331.998140004385,407.6961001131047,411.5704051580392,454.1877606523184,496.50709268160267,528.0975799710684,557.3038795405744,597.835070779889,632.1077692543092,667.2745381237145,699.7590958081651,728.6673719126761,773.37089166192,794.5305576765622,810.0277778563001,818.6704583411539,831.7834908009322,845.7905936556953,856.2214149305189,868.7384004603072,877.9771278751509,889.3020195449594,898.5407469598031,907.4814509096519,915.8261079295107,923.8727414843747,930.7272811792587,935.793680084173,942.3501963140621,945.6284544290068,947.7146186839715,951.8869471939009,954.8671818438505,959.0395103537799,962.9138153987144,966.1920735136589,968.5762612336187,969.4703316286035,971.8545193485631,973.642660138533,976.3248713234875,978.4110355784522,979.6031294384321,981.3912702284019,982.8813875533767,983.7754579483616,985.2655752733364,986.7556925983112,987.649762993296,989.7359272482607,991.5240680382306,992.7161618982103,993.9082557581902,994.802326153175,995.398373083165,995.398373083165,995.9944200131549,996.5904669431449
CT,0.37225810819787214,0.5583871622968083,0.5583871622968083,0.5583871622968083,0.7445162163957443,1.1167743245936166,1.6751614868904248,3.3503229737808495,4.653226352473402,7.631291218056379,10.42322702954042,14.890324327914886,19.729679734487224,24.56903514105956,31.641939196819134,39.64548852307338,48.207425011624444,56.58323244607657,67.19258852971592,79.10484799204784,91.38936556257761,104.97678651179994,118.56420746102228,134.5713061135308,151.1367919283361,169.1913101759329,189.293248018618,207.3477662662148,254.62454600734455,257.0442237106307,283.6606784467786,310.09100412882754,329.82068386331474,348.0613311650105,373.3748825224658,394.7797237438434,416.74295212751787,437.03101902430194,455.0855372718987,483.0048953867391,496.2200582277636,505.8987690409083,511.29651160977744,519.4861899901306,528.2342555327806,534.7487724262434,542.5661926983987,548.3361933754657,555.4090974312253,561.1790981082922,566.7629697312603,571.9745832460305,577.0000677067019,581.2810359509774,584.4452298706593,588.5400690608359,590.5874886559242,591.8903920346168,594.4961987920018,596.3574893329912,598.9632960903763,601.3829737936625,603.4303933887508,604.9194258215423,605.477812983839,606.9668454166306,608.0836197412242,609.7587812281146,611.0616846068071,611.8062008232029,612.9229751477965,613.8536204182911,614.412007580588,615.3426528510827,616.2732981215773,616.8316852838742,618.1345886625667,619.2513629871603,619.9958792035561,620.7403954199518,621.2987825822487,621.6710406904465,621.6710406904465,622.0432987986444,622.4155569068422
DE,0.10219686431466132,0.153295296471992,0.153295296471992,0.153295296471992,0.20439372862932265,0.306590592943984,0.45988588941597597,0.9197717788319519,1.2774608039332667,2.095035718450557,2.861512200810517,4.087874572586453,5.41643380867705,6.744993044767647,8.686733466746213,10.88396604951143,13.234493928748641,15.533923375828522,18.44653400879637,21.716833666865533,25.089330189249356,28.819515736734495,32.54970128421963,36.94416644975007,41.4919269117525,46.44847483101357,51.96710550400528,56.92365342326636,69.90265519122835,70.56693480927365,77.87401060777194,85.12998797411288,90.54642178278993,95.55406813420834,102.5034549076053,108.37977460569833,114.40938960026335,119.97911870541239,124.93566662467347,132.60043144827307,136.22842013144356,138.88553860362475,140.36739313618733,142.61572415110987,145.01735046250442,146.805795588011,148.95192973861887,150.53598113549614,152.4777215574747,154.06177295435194,155.59472591907186,157.02548201947712,158.40513968772504,159.58040362734366,160.44907697401828,161.57324248147955,162.1353252352102,162.4930142603115,163.20839231051414,163.71937663208743,164.43475468229008,165.09903430033538,165.661117054066,166.06990451132467,166.22319980779665,166.6319872650553,166.93857785799926,167.39846374741526,167.75615277251657,167.9605465011459,168.26713709408986,168.52262925487653,168.67592455134852,168.93141671213516,169.18690887292183,169.34020416939381,169.69789319449512,170.0044837874391,170.20887751606844,170.41327124469777,170.56656654116975,170.6687634054844,170.6687634054844,170.77096026979908,170.87315713411374
FL,2.223485652198704,3.335228478298056,3.335228478298056,3.335228478298056,4.446971304397408,6.670456956596112,10.005685434894168,20.011370869788337,27.7935706524838,45.581455870073434,62.257598261563714,88.93942608794816,117.84473956653132,146.75005304511447,188.99628043688983,236.80122195916198,287.9413919597322,337.969819134203,401.33916022186605,472.4907010922246,545.8657276147818,627.0229539200345,708.1801802252872,803.7900632698315,902.7351747926738,1010.574228924311,1130.642454143041,1238.4815082746782,1520.8641861039134,1535.3168428432052,1694.2960669754125,1852.1635482815204,1970.0082878480519,2078.9590848057883,2230.1561091553003,2358.0065341567256,2489.192187636449,2610.3721556812784,2718.2112098129155,2884.9726337278184,2963.9063743808724,3021.7170013380387,3053.95754329492,3102.8742276432913,3155.126140469961,3194.0371393834384,3240.730338079611,3275.194365688691,3317.4405930804664,3351.9046206895464,3385.256905472527,3416.3857046033086,3446.4027609079913,3471.972845908276,3490.8724739519653,3515.330816126151,3527.559987213244,3535.3421869959393,3550.90658656133,3562.024014822324,3577.5884143877147,3592.0410711270065,3604.270242214099,3613.164184822894,3616.499413301192,3625.393355909987,3632.063812866583,3642.0694983014773,3649.8516980841728,3654.29866938857,3660.969126345166,3666.5278404756627,3669.863068953961,3675.4217830844577,3680.9804972149545,3684.3157256932527,3692.097925475948,3698.768382432544,3703.2153537369413,3707.662325041339,3710.9975535196368,3713.221039171836,3713.221039171836,3715.4445248240345,3717.668010476233
GA,1.1058393051222237,1.6587589576833357,1.6587589576833357,1.6587589576833357,2.2116786102444475,3.3175179153666714,4.976276873050007,9.952553746100014,13.822991314027798,22.669705755005587,30.963500543422263,44.23357220488895,58.60948317147786,72.98539413806677,93.99634093538901,117.77188599551683,143.20619001332798,168.087574378578,199.6039945745614,234.99085233847254,271.4835494075059,311.8466840444671,352.20981868142826,399.7609088016839,448.97075787962285,502.6039641780507,562.3192866546508,615.9524929530786,756.394084703601,763.5820401868955,842.6495505031345,921.1641411668124,979.7736243382902,1033.959750289279,1109.1568230375904,1172.7425830821182,1237.9871020843295,1298.2553442134906,1351.8885505119185,1434.8264983960853,1474.0837937279243,1502.835615661102,1518.8702855853744,1543.1987502980633,1569.1859739684355,1588.5381618080744,1611.7607872156411,1628.9012964450355,1649.9122432423578,1667.0527524717522,1683.6403420485856,1699.1220923202968,1714.0509229394468,1726.7680749483525,1736.1677090418914,1748.3319413982358,1754.414057576408,1758.2844951443358,1766.0253702801913,1771.5545668058026,1779.295441941658,1786.4833974249525,1792.5655136031246,1796.9888708236135,1798.647629781297,1803.0709870017859,1806.3885049171524,1811.3647817902024,1815.2352193581303,1817.4468979683747,1820.7644158837413,1823.529014146547,1825.1877731042302,1827.9523713670358,1830.7169696298415,1832.3757285875247,1836.2461661554526,1839.5636840708191,1841.7753626810636,1843.987041291308,1845.6458002489915,1846.7516395541136,1846.7516395541136,1847.857478859236,1848.963318164358
HI,0.15023428799094649,0.22535143198641971,0.22535143198641971,0.22535143198641971,0.30046857598189297,0.45070286397283943,0.6760542959592591,1.3521085919185183,1.8779285998868311,3.079802903814403,4.206560063746502,6.00937151963786,7.962417263520163,9.915463007402469,12.76991447923045,15.9999516710358,19.455340294827568,22.835611774623867,27.117288982365842,31.924786198076127,36.88251770177736,42.366069213446906,47.84962072511646,54.309695108727155,60.995120924324276,68.28148389188517,76.3941354433963,83.6804984109572,102.7602529858074,103.73677585774855,114.47852744910122,125.14516189645842,133.1075791599786,140.46905927153497,150.68499085491933,159.32346241439876,168.1872854058646,176.37505410137118,183.66141706893208,194.92898866825306,200.26230589193167,204.16839737969627,206.346794555565,209.65194889136583,213.18245465915305,215.81155469899463,218.9664747468045,221.2951062106642,224.14955768249214,226.47818914635184,228.73170346621603,230.8349834980893,232.86314638596704,234.59084069786294,235.867832145786,237.5204093136864,238.3466978976366,238.87251790560492,239.92415792154154,240.67532936149627,241.7269693774329,242.70349224937405,243.52978083332425,244.13071798528804,244.35606941727445,244.95700656923825,245.4077094332111,246.08376372917036,246.60958373713865,246.91005231312056,247.36075517709338,247.73634089707076,247.96169232905717,248.33727804903455,248.7128637690119,248.93821520099831,249.46403520896664,249.91473807293949,250.21520664892137,250.51567522490328,250.7410266568897,250.89126094488063,250.89126094488063,251.04149523287157,251.19172952086254
IA,0.18985933235107252,0.28478899852660877,0.28478899852660877,0.28478899852660877,0.37971866470214505,0.5695779970532175,0.8543669955798263,1.7087339911596526,2.3732416543884063,3.8921163131969867,5.31606130583003,7.5943732940429,10.062544614606843,12.530715935170786,16.138043249841164,20.220018895389224,24.58678353946389,28.858618517363023,34.26960948936859,40.34510812460291,46.610466092188304,53.54033172300245,60.470197353816594,68.63414864491271,77.08288893453545,86.29106655356246,96.54347050052037,105.7516481195474,129.8637833281336,131.09786898841557,144.67281125151726,158.1528238484434,168.21536846305025,177.5184757482528,190.42891034812573,201.3458219583124,212.54752256702568,222.89485618015914,232.10303379918614,246.3424837255166,253.08249002397966,258.01883266510754,260.7717929841981,264.9486982959217,269.4103926061719,272.7329309223157,276.7199769016882,279.6627965531298,283.2701238678002,286.21294351924183,289.0608335045079,291.7188641574229,294.28196514416237,296.4653474661997,298.07915179118385,300.1676044470456,301.21183077497653,301.8763384382053,303.2053537646628,304.1546504264182,305.48366575287565,306.71775141315766,307.7619777410886,308.5214150704928,308.80620406901943,309.56564139842374,310.13521939547695,310.9895863910568,311.6540940542855,312.0338127189877,312.6033907160409,313.0780390469186,313.3628280454452,313.83747637632285,314.31212470720055,314.59691370572716,315.2614213689559,315.8309993660091,316.2107180307113,316.5904366954134,316.87522569394,317.0650850262911,317.0650850262911,317.25494435864215,317.44480369099324
ID,0.18985933235107252,0.28478899852660877,0.28478899852660877,0.28478899852660877,0.37971866470214505,0.5695779970532175,0.8543669955798263,1.7087339911596526,2.3732416543884063,3.8921163131969867,5.31606130583003,7.5943732940429,10.062544614606843,12.530715935170786,16.138043249841164,20.220018895389224,24.58678353946389,28.858618517363023,34.26960948936859,40.34510812460291,46.610466092188304,53.54033172300245,60.470197353816594,68.63414864491271,77.08288893453545,86.29106655356246,96.54347050052037,105.7516481195474,129.8637833281336,131.09786898841557,144.67281125151726,158.1528238484434,168.21536846305025,177.5184757482528,190.42891034812573,201.3458219583124,212.54752256702568,222.89485618015914,232.10303379918614,246.3424837255166,253.08249002397966,258.01883266510754,260.7717929841981,264.9486982959217,269.4103926061719,272.7329309223157,276.7199769016882,279.6627965531298,283.2701238678002,286.21294351924183,289.0608335045079,291.7188641574229,294.28196514416237,296.4653474661997,298.07915179118385,300.1676044470456,301.21183077497653,301.8763384382053,303.2053537646628,304.1546504264182,305.48366575287565,306.71775141315766,307.7619777410886,308.5214150704928,308.80620406901943,309.56564139842374,310.13521939547695,310.9895863910568,311.6540940542855,312.0338127189877,312.6033907160409,313.0780390469186,313.3628280454452,313.83747637632285,314.31212470720055,314.59691370572716,315.2614213689559,315.8309993660091,316.2107180307113,316.5904366954134,316.87522569394,317.0650850262911,317.0650850262911,317.25494435864215,317.44480369099324
IL,1.3226938602901495,1.9840407904352242,1.9840407904352242,1.9840407904352242,2.645387720580299,3.9680815808704484,5.952122371305673,11.904244742611345,16.53367325362687,27.115224135948065,37.035428088124185,52.90775441160598,70.10277459537792,87.29779477914987,112.4289781246627,140.86689612090092,171.28885490757435,201.0494667641027,238.74624178237198,281.07244531165674,324.72134270123166,372.9996686018221,421.2779945024126,478.153830494889,537.0137072778007,601.1643595018729,672.5898279575409,736.7404801816132,904.7226004384622,913.3201105303482,1007.8927215410939,1101.8039856216944,1171.9067602170724,1236.7187593712897,1326.66194187102,1402.7168388377036,1480.7557765948222,1552.8425919806355,1616.9932442047077,1716.195283726469,1763.1509157667692,1797.540956134313,1816.7200171085203,1845.8192820349036,1876.902587751722,1900.0497303067996,1927.8263013728929,1948.32805620739,1973.459239552903,1993.9609943874002,2013.8014022917525,2032.3191163358147,2050.1754834497315,2065.3864628430683,2076.6293606555346,2091.1789931187263,2098.453809350322,2103.0832378613377,2112.3420948833686,2118.955564184819,2128.2144212068506,2136.8119312987365,2144.086747530332,2149.377522971493,2151.361563761928,2156.6523392030886,2160.620420783959,2166.5725431552646,2171.2019716662803,2173.8473593868607,2177.815440967731,2181.1221756184564,2183.1062164088917,2186.412951059617,2189.719685710342,2191.7037265007775,2196.333155011793,2200.3012365926634,2202.946624313244,2205.592012033824,2207.5760528242595,2208.8987466845497,2208.8987466845497,2210.22144054484,2211.5441344051296
IN,0.700501121593594,1.050751682390391,1.050751682390391,1.050751682390391,1.401002243187188,2.101503364780782,3.1522550471711734,6.304510094342347,8.756264019919925,14.360272992668678,19.614031404620633,28.020044863743763,37.12655944446048,46.23307402517721,59.542595335455495,74.60336944971776,90.71489524637043,106.4761704822263,126.44045244764372,148.85648833863874,171.97302535122734,197.54131628939354,223.1096072275597,253.23115545608425,284.4034553669992,318.3777597642885,356.20482033034256,390.1791247276319,479.1427671700183,483.6960244603767,533.7818546543186,583.5174342874639,620.6439937319243,654.9685486900105,702.6026249583748,742.8814394500065,784.2110056240285,822.3883167508794,856.3626211481687,908.9002052676883,933.7679950842609,951.9810242456944,962.1382905088014,977.5493151838605,994.01109154131,1006.2698611691978,1020.9803847226633,1031.838152107364,1045.1476734176424,1056.005440802343,1066.512957626247,1076.3199733285574,1085.7767384700708,1093.832501368397,1099.7867609019427,1107.4922732394723,1111.345029408237,1113.7967833338146,1118.7002911849697,1122.2027967929378,1127.106304644093,1131.6595619344512,1135.5123181032159,1138.3143225895903,1139.3650742719808,1142.167078758355,1144.268582123136,1147.420837170307,1149.8725910958847,1151.2735933390718,1153.3750967038527,1155.1263495078365,1156.177101190227,1157.928353994211,1159.679606798195,1160.7303584805854,1163.182112406163,1165.2836157709437,1166.6846180141308,1168.0856202573182,1169.1363719397084,1169.836873061302,1169.836873061302,1170.5373741828957,1171.2378753044893
KS,0.3032908028833406,0.45493620432501086,0.45493620432501086,0.45493620432501086,0.6065816057666812,0.9098724086500217,1.3648086129750325,2.729617225950065,3.7911350360417573,6.217461459108482,8.492142480733536,12.131632115333623,16.07441255281705,20.017192990300476,25.77971824508395,32.30047050707577,39.276158973392604,46.10020203826777,54.74398992044297,64.44929561270988,74.4578921078601,85.52800641310203,96.59812071834398,109.63962524232761,123.13606597063627,137.84566991047828,154.22337326617867,168.9329772060207,207.45090917220494,209.42229939094668,231.10759179710553,252.64123880182268,268.71565135463976,283.5769006959234,304.2006752919906,321.6398964577827,339.53405382789975,356.06340258504184,370.77300652488384,393.5198167411344,404.28664024349297,412.17220111845984,416.56991776026825,423.24231542370177,430.3696492914603,435.6772383419187,442.0463452024689,446.74735264716065,452.50987790194415,457.2108853466359,461.760247389886,466.0063186302528,470.10074446917787,473.5885887023363,476.1665605268447,479.50275935856143,481.1708587744198,482.2323765845115,484.3554122046949,485.8718662191116,487.994901839295,489.9662920580367,491.63439147389505,492.8475546854284,493.3024908897534,494.51565410128677,495.42552650993684,496.79033512291187,497.85185293300356,498.45843453877023,499.36830694742025,500.1265339546286,500.5814701589536,501.33969716616195,502.0979241733703,502.5528603776953,503.614378187787,504.524250596437,505.1308322022037,505.7374138079704,506.19235001229544,506.4956408151788,506.4956408151788,506.7989316180621,507.10222242094545
KY,0.46515807932953684,0.6977371189943052,0.6977371189943052,0.6977371189943052,0.9303161586590737,1.3954742379886105,2.093211356982916,4.186422713965832,5.814475991619211,9.535740626255505,13.024426221227031,18.606323173181476,24.653378204465454,30.700433235749433,39.538436743010635,49.53933544859568,60.23797127317502,70.7040280580896,83.9610333189814,98.84609185752659,114.1963084754013,131.1745783709294,148.15284826645748,168.15464567762757,188.85418020779196,211.4143470552745,236.53288333906949,259.09305018655203,318.1681262614032,321.1916537770452,354.4504564491071,387.4766800815042,412.13005828596965,434.92280417311696,466.55355356752546,493.30014312897384,520.7444698094165,546.0955851328763,568.6557519803588,603.542607930074,620.0557197462726,632.1498298088407,638.8946219591189,649.1280997043687,660.0593145686128,668.1995809568797,677.9679006228,685.1778508524078,694.015854359669,701.2258045892768,708.2031757792199,714.7153888898334,720.9950229607821,726.3443408730718,730.2981845473729,735.4149234199978,737.9732928563102,739.6013461339636,742.8574526892704,745.1832430859181,748.4393496412248,751.4628771568669,754.0212465931793,755.8818789104974,756.5796160294917,758.4402483468099,759.8357225847984,761.9289339417813,763.5569872194347,764.4873033780939,765.8827776160824,767.0456728144063,767.7434099334006,768.9063051317245,770.0692003300483,770.7669374490425,772.3949907266959,773.7904649646846,774.7207811233436,775.6510972820028,776.348834400997,776.8139924803265,776.8139924803265,777.279150559656,777.7443086389857
LA,0.48084157969879626,0.7212623695481944,0.7212623695481944,0.7212623695481944,0.9616831593975925,1.442524739096389,2.1637871086445832,4.3275742172891665,6.010519746234953,9.857252383825324,13.463564231566297,19.23366318795185,25.4846037240362,31.735544260120555,40.87153427439768,51.209628237921805,62.26898457099412,73.08792011421703,86.79190513563273,102.17883568599422,118.04660781605449,135.59732547506056,153.14804313406663,173.82423106111486,195.22168135771128,218.5424979731029,244.50794327683792,267.8287598922295,328.8956405139767,332.0211107820188,366.40128373048276,400.5410358890973,426.0256396131335,449.58687701837454,482.28410443789267,509.93249527057344,538.3021484728024,564.5080145663868,587.8288311817785,623.8919496591882,640.9618257384955,653.4637068106641,660.4359097162967,671.0144244696702,682.3142015925919,690.7289292373208,700.8266024109956,708.2796468963269,717.415636910604,724.8686813959354,732.0813050914173,738.8130872072005,745.3044485331342,750.8341266996704,754.9212801271102,760.2105375037969,762.8551661921402,764.5381117210861,767.9040027789777,770.3082106774716,773.6741017353633,776.7995720034054,779.4442006917487,781.367567010544,782.0888293800922,784.0121956988874,785.4547204379837,787.6185075466283,789.301453075574,790.2631362349717,791.7056609740681,792.9077649233151,793.6290272928633,794.8311312421102,796.0332351913572,796.7544975609054,798.4374430898512,799.8799678289477,800.8416509883452,801.8033341477428,802.524596517291,803.0054380969898,803.0054380969898,803.4862796766886,803.9671212563874
MA,0.7257305169486993,1.088595775423049,1.088595775423049,1.088595775423049,1.4514610338973986,2.177191550846098,3.265787326269147,6.531574652538294,9.071631461858741,14.877475597448337,20.320454474563583,29.029220677947972,38.46371739828106,47.898214118614156,61.68709394063944,77.29030005503648,93.98210194485657,110.3110385762023,130.99435830924023,154.2177348515986,178.16684191090567,204.65600577953322,231.14516964816073,262.3515818769548,294.6465898811719,329.84451995318386,369.0339678684136,404.23189794042554,496.39967359291035,501.1169219530769,553.0066539149088,604.5335206182665,642.9972380165476,678.5580333470339,727.9077084995454,769.6372132240956,812.4553137240689,852.007626897773,887.2055569697849,941.6353457409374,967.3987790926162,986.2677725332824,996.7908650290385,1012.7569364019099,1029.8116035502044,1042.5118875968067,1057.7522284527292,1069.001051465434,1082.7899312874595,1094.0387543001643,1104.9247120543948,1115.0849392916766,1124.882301270484,1133.228202215394,1139.396911609458,1147.3799472958935,1151.3714651391115,1153.911521948432,1158.9916355670728,1162.6202881518163,1167.7004017704571,1172.4176501306238,1176.4091679738417,1179.3120900416363,1180.4006858170594,1183.3036078848543,1185.4807994357004,1188.7465867619694,1191.28664357129,1192.7381046051873,1194.9152961560335,1196.7296224484053,1197.8182182238281,1199.6325445162,1201.4468708085717,1202.5354665839948,1205.0755233933153,1207.2527149441614,1208.7041759780586,1210.155637011956,1211.2442327873791,1211.9699633043278,1211.9699633043278,1212.6956938212766,1213.4214243382253
MD,0.637703114678013,0.9565546720170194,0.9565546720170194,0.9565546720170194,1.275406229356026,1.9131093440340388,2.869664016051058,5.739328032102116,7.9712889334751615,13.072913850899265,17.855687210984364,25.508124587120516,33.79826507793469,42.088405568748854,54.2047647476311,67.91538171320838,82.58255335080267,96.93087343105796,115.10541219938133,135.51191186907775,156.55611465345217,179.83227833919966,203.10844202494712,230.52967595610167,258.90746455927325,289.8360656211569,324.27203381376955,355.2006348756532,436.18893043976084,440.33400068516795,485.92977338464584,531.2066945267848,565.0049596047195,596.2524122239421,639.6162240220469,676.2841531160327,713.9086368820355,748.6634566319872,779.5920576938709,827.4197912947218,850.0582518657912,866.6385328474196,875.8852280102508,889.9146965331671,904.9007197281004,916.0605242349656,929.4522896432038,939.3366879207131,951.4530470995953,961.3374453771045,970.9029920972747,979.8308357027669,988.43982775092,995.7734135697171,1001.1938900444803,1008.2086243059384,1011.7159914366675,1013.9479523380405,1018.4118741407866,1021.6003897141767,1026.0643115169228,1030.20938176233,1033.716748893059,1036.267561351771,1037.2241160237882,1039.7749284825002,1041.6880378265341,1044.5577018425852,1046.7896627439582,1048.0650689733143,1049.9781783173482,1051.5724361040434,1052.5289907760603,1054.1232485627554,1055.7175063494503,1056.6740610214674,1058.9060219228404,1060.8191312668746,1062.0945374962305,1063.3699437255866,1064.3264983976037,1064.9642015122815,1064.9642015122815,1065.6019046269596,1066.2396077416377
ME,0.14064255685233737,0.21096383527850607,0.21096383527850607,0.21096383527850607,0.28128511370467474,0.42192767055701214,0.6328915058355182,1.2657830116710365,1.7580319606542172,2.883172415472916,3.9379915918654467,5.625702274093495,7.454055513173881,9.282408752254266,11.954617332448677,14.97843230477393,18.21321111237769,21.37766864155528,25.385981511846897,29.886543331121693,34.52774770724883,39.66120103235914,44.794654357469454,50.842284302119964,57.10087808204897,63.92204208938734,71.51674015941356,78.33790416675191,96.19950888699877,97.11368550653896,107.16962832148108,117.15524985799703,124.60930537117092,131.50079065693544,141.0644845228944,149.15143154190378,157.4493423961917,165.11436174464407,171.93552575198245,182.48371751590776,187.4765282841657,191.13323476232648,193.1725518366854,196.26668808743682,199.57178817346673,202.03303291838264,204.98652661228172,207.16648624349295,209.83869482368738,212.01865445489858,214.12829280768366,216.09728860361636,217.99596312112294,219.6133525249248,220.8088142581697,222.35588238354538,223.12941644623325,223.62166539521644,224.6061632931828,225.30937607744448,226.29387397541083,227.20805059495103,227.98158465763888,228.54415488504824,228.75511872032675,229.3176889477361,229.7396166182931,230.37250812412861,230.8647570731118,231.1460421868165,231.5679698573735,231.91957624950433,232.13054008478284,232.48214647691367,232.83375286904453,233.04471670432304,233.5369656533062,233.95889332386324,234.2401784375679,234.52146355127257,234.73242738655108,234.8730699434034,234.8730699434034,235.01371250025576,235.1543550571081
MI,1.0403290161310799,1.56049352419662,1.56049352419662,1.56049352419662,2.0806580322621597,3.12098704839324,4.68148057258986,9.36296114517972,13.0041127016385,21.32674483068714,29.129212451670238,41.6131606452432,55.13743785494724,68.66171506465128,88.42796637114179,110.79504021796001,134.72260758897485,158.13001045192416,187.77938741165994,221.06991592785448,255.40077346018012,293.37278254896455,331.344791637749,376.0789393313854,422.37358054921845,472.8295378315758,529.0073047026541,579.4632619850115,711.5850470336587,718.3471856385107,792.7307102918829,866.5940704371895,921.7315082921368,972.7076300825597,1043.4500031794732,1103.2689216070103,1164.648333558744,1221.3462649378878,1271.8022222202453,1349.8268984300762,1386.7585785027295,1413.8071329221377,1428.8919036560383,1451.779142010922,1476.2268738900025,1494.4326316722963,1516.279541011049,1532.4046407610808,1552.1708920675712,1568.295991817603,1583.9009270595693,1598.4655332854043,1612.5099750031738,1624.4737586886813,1633.3165553257954,1644.7601745032373,1650.4819840919583,1654.123135648417,1661.4054387613346,1666.60708384199,1673.8893869549076,1680.6515255597596,1686.3733351484807,1690.534651213005,1692.0951447372015,1696.2564608017258,1699.377447850119,1704.058928422709,1707.7000799791676,1709.7807380114298,1712.901725059823,1715.5025476001508,1717.0630411243474,1719.663863664675,1722.2646862050028,1723.8251797291994,1727.4663312856583,1730.5873183340516,1732.6679763663137,1734.7486343985759,1736.3091279227724,1737.3494569389036,1737.3494569389036,1738.3897859550345,1739.4301149711657
MN,0.589107501636883,0.8836612524553245,0.8836612524553245,0.8836612524553245,1.178215003273766,1.767322504910649,2.650983757365973,5.301967514731946,7.363843770461036,12.0767037835561,16.49501004583272,23.56430006547532,31.222697586754794,38.88109510803427,50.07413763913505,62.73994892432803,76.28942146197635,89.54434024880621,106.33390404545737,125.18534409783763,144.62589165185477,166.12831546160098,187.6307392713472,212.96236184173318,239.17764566457447,267.7493594939633,299.561164582355,328.1328784117438,402.9495311196279,406.7787298802677,448.8999162473048,490.7265488635235,521.9492464502782,550.8155140304856,590.8748241417936,624.7485054859144,659.5058480824904,691.6122069217006,720.1839207510894,764.3669833738556,785.280299681965,800.5970947245239,809.1391534982587,822.0995185342701,835.9435448227368,846.2529261013823,858.6241836357568,867.7553499111285,878.9483924422293,888.079558717601,896.9161712421543,905.1636762650706,913.1166275371686,919.8913638059927,924.8987775699062,931.3789600879119,934.6190513469148,936.6809276026439,940.8046801141021,943.7502176222864,947.8739701337446,951.7031688943844,954.9432601533872,957.2996901599348,958.18335141239,960.5397814189377,962.3071039238482,964.9580876812142,967.0199639369433,968.1981789402171,969.9655014451278,971.4382701992199,972.3219314516753,973.7947002057675,975.2674689598597,976.151130212315,978.2130064680441,979.9803289729548,981.1585439762285,982.3367589795023,983.2204202319576,983.8095277335945,983.8095277335945,984.3986352352314,984.9877427368683
MO,0.6353998480016577,0.9530997720024865,0.9530997720024865,0.9530997720024865,1.2707996960033154,1.906199544004973,2.85929931600746,5.71859863201492,7.942498100020721,13.025696884033982,17.791195744046416,25.41599392006631,33.67619194408786,41.93638996810941,54.008987080140905,67.67008381217654,82.28428031621468,96.58077689625198,114.68967256429922,135.02246770035225,155.99066268440697,179.18275713646747,202.37485158852797,229.69704505259926,257.97233828867303,288.7892309167534,323.10082270884294,353.9177153369233,434.61349603313386,438.7435950451446,484.17468417726315,529.2880733853808,562.9642653294687,594.09885788155,637.3060475456626,673.841538805758,711.3301298378558,745.9594215539462,776.7763141820266,824.4313027821509,846.9879973862097,863.5083934342529,872.7216912302769,886.7004878863133,901.6323843143523,912.7518816543812,926.0952784624161,935.9439761064418,948.0165732184732,957.865270862499,967.3962685825238,976.2918664545471,984.8697644025694,992.1768626545885,997.5777613626026,1004.5671596906208,1008.0618588546299,1010.2857583226357,1014.7335572586474,1017.9105564986556,1022.3583554346673,1026.488454446678,1029.9831536106872,1032.5247530026938,1033.4778527746962,1036.0194521667029,1037.9256517107078,1040.7849510267154,1043.0088504947212,1044.2796501907244,1046.1858497347293,1047.7743493547334,1048.727449126736,1050.31594874674,1051.9044483667444,1052.8575481387468,1055.0814476067526,1056.9876471507575,1058.258446846761,1059.5292465427642,1060.4823463147668,1061.1177461627683,1061.1177461627683,1061.75314601077,1062.3885458587717
MS,0.3057063887808814,0.4585595831713221,0.4585595831713221,0.4585595831713221,0.6114127775617628,0.9171191663426442,1.3756787495139664,2.751357499027933,3.8213298597610175,6.266980970008069,8.559778885864679,12.228255551235256,16.202438605386714,20.176621659538174,25.98504304637492,32.55773040516387,39.58897734712414,46.46737109469397,55.18000317494909,64.9626076159373,75.05091844570639,86.20920163620856,97.36748482671072,110.51285954428863,124.11679384503785,138.9435537009106,155.4516986950782,170.27845855095094,209.1031699261229,211.09026145319862,232.94826825103164,254.6534218544742,270.85586045986093,285.83547351012413,306.623507947224,324.20162530212474,342.23830224019673,358.89930042875477,373.7260602846275,396.65403944319365,407.50661624491494,415.4549823532178,419.8877249905406,426.61326554372,433.7973656800707,439.1472274837361,445.56706164813465,450.3055106742383,456.11393206107505,460.85238108717874,465.43797691889193,469.7178663618243,473.8449026103662,477.36052608134634,479.9590303859838,483.3218006625735,485.0031858008684,486.07315816160144,488.2131028830676,489.741634826972,491.8815795484382,493.86867107551393,495.5500562138088,496.7728817689323,497.2314413521036,498.4542669072271,499.3713860735698,500.74706482308375,501.8170371838168,502.4284499613786,503.34556912772126,504.10983509967343,504.56839468284477,505.33266065479694,506.09692662674917,506.5554862099205,507.62545857065356,508.54257773699624,509.15399051455796,509.76540329211974,510.2239628752911,510.52966926407197,510.52966926407197,510.8353756528528,511.1410820416337
MT,0.11192951065264406,0.1678942659789661,0.1678942659789661,0.1678942659789661,0.22385902130528812,0.3357885319579322,0.5036827979368982,1.0073655958737964,1.3991188831580506,2.2945549683792033,3.1340262982740335,4.477180426105762,5.932264064590135,7.387347703074507,9.514008405474744,11.920492884506592,14.494871629517405,17.013285619201895,20.20327667280225,23.785021013686862,27.478694865224114,31.564122004045622,35.64954914286713,40.46251810093082,45.44338132497349,50.87196259162672,56.9161561668695,62.34473743352274,76.55978528640853,77.28732710565072,85.29028711731476,93.23728237365249,99.16954643824263,104.65409246022219,112.26529918460199,118.70124604712902,125.30508717563502,131.40524550620412,136.83382677285735,145.22854007180567,149.2020376999745,152.11220497694327,153.73518288140662,156.19763211576478,158.82797561610192,160.78674205252318,163.1372617762287,164.87216919134468,166.99882989374493,168.7337373088609,170.41267996865056,171.97969311778758,173.4907415115983,174.77793088410368,175.72933172465116,176.96055634183026,177.5761686504198,177.96792193770403,178.75142851227255,179.3110760655358,180.09458264010428,180.82212445934647,181.437736767936,181.88545481054658,182.05334907652556,182.50106711913614,182.83685565109406,183.34053844903096,183.7322917363152,183.9561507576205,184.29193928957844,184.57176306621005,184.739657332189,185.01948110882063,185.29930488545222,185.4671991514312,185.85895243871545,186.1947409706734,186.41859999197868,186.64245901328397,186.81035327926293,186.92228278991556,186.92228278991556,187.0342123005682,187.14614181122084
NC,1.0777058178450825,1.6165587267676238,1.6165587267676238,1.6165587267676238,2.155411635690165,3.2331174535352476,4.849676180302871,9.699352360605742,13.471322723063532,22.09296926582419,30.17576289966231,43.1082327138033,57.11840834578937,71.12858397777545,91.60499451683201,114.77566960050129,139.5629034109382,163.81128431245253,194.52590012103738,229.01248629208004,264.57677828096774,303.91304063231325,343.24930298365877,389.5906531509973,437.5485620451035,489.81729421059,548.0134083742245,600.282140539711,737.1507794060365,744.1558672220294,821.2118331979528,897.7289462649537,954.8473546107431,1007.6549396851522,1080.9389352986177,1142.90701982471,1206.49166307757,1265.2266301501268,1317.4953623156134,1398.3232986539945,1436.581855187495,1464.602206451467,1480.2289408102208,1503.9384688028126,1529.264555522172,1548.124407334461,1570.7562295092077,1587.4606696858066,1607.9370802248632,1624.6415204014618,1640.807107669138,1655.8949891189693,1670.4440176598778,1682.8376345650963,1691.9981340167794,1703.8528980130754,1709.7802800112233,1713.552250373681,1721.0961910985968,1726.4847201878222,1734.0286609127377,1741.0337487287309,1746.9611307268788,1751.271953998259,1752.8885127250267,1757.199335996407,1760.4324534499422,1765.2821296302452,1769.054099992703,1771.209511628393,1774.4426290819283,1777.136893626541,1778.7534523533086,1781.4477168979213,1784.1419814425342,1785.7585401693018,1789.5305105317595,1792.7636279852948,1794.919039620985,1797.074451256675,1798.6910099834427,1799.7687158012877,1799.7687158012877,1800.8464216191328,1801.9241274369779
ND,0.080429440542702,0.12064416081405299,0.12064416081405299,0.12064416081405299,0.160858881085404,0.24128832162810598,0.361932482442159,0.723864964884318,1.005368006783775,1.6488035311253908,2.2520243351956557,3.2171776217080796,4.262760348763206,5.308343075818332,6.8365024461296695,8.565735417797763,10.415612550279908,12.225274962490703,14.51751401795771,17.091256115324175,19.74542765323334,22.681102233041962,25.616776812850585,29.07524275618677,32.65435286033701,36.55518072665806,40.89837051596396,44.79919838228501,55.01373733120816,55.53652869473573,61.28723369353892,66.99772397207076,71.26048432083397,75.20152690742637,80.6707288643301,85.29542169553547,90.04075868755488,94.42416319713215,98.32499106345318,104.35719910415584,107.21244424342176,109.30360969753201,110.4698365854012,112.23928427734063,114.12937613009413,115.53689133959142,117.22590959098815,118.47256591940004,120.00072528971138,121.24738161812326,122.4538232262638,123.57983539386161,124.6656328411881,125.59057140742917,126.27422165204213,127.15894549801186,127.60130742099672,127.88281046289617,128.44581654669508,128.8479637494086,129.4109698332075,129.93376119673508,130.37612311971992,130.69784088189076,130.8184850427048,131.1402028048756,131.3814911265037,131.74342360894588,132.02492665084532,132.18578553193072,132.42707385355882,132.6281474549156,132.74879161572963,132.9498652170864,133.15093881844317,133.2715829792572,133.55308602115667,133.79437434278478,133.95523322387018,134.11609210495558,134.23673626576962,134.31716570631232,134.31716570631232,134.39759514685502,134.47802458739773
NE,0.20249503826530835,0.3037425573979625,0.3037425573979625,0.3037425573979625,0.4049900765306167,0.607485114795925,0.9112276721938876,1.8224553443877751,2.5311879783163542,4.151148284438821,5.669861071428634,8.099801530612334,10.732237028061341,13.36467252551035,17.21207825255121,21.56572157525534,26.22310745535743,30.779245816326867,36.550354406888154,43.03019563137802,49.7125318941332,57.10360079081695,64.4946696875007,73.20195633290896,82.21298553571519,92.03399489158264,102.96872695790928,112.78973631377674,138.5066061734709,139.8228239221954,154.30121915816494,168.67836687500184,179.4106039030632,189.3328607780633,203.10252338010426,214.7459880803595,226.69319533801269,237.729174923472,247.55018427933945,262.73731214923754,269.925886007656,275.19075700255405,278.126935057401,282.5818258992378,287.3404592984725,290.88412246811544,295.1365182716869,298.2751913647992,302.12259709184,305.2612701849523,308.29869575893196,311.13362629464626,313.8673093112279,316.19600225127897,317.9172100765341,320.1446554974525,321.2583782079117,321.9671108418403,323.38457610969743,324.39705130102396,325.8145165688811,327.13073431760563,328.2444570280648,329.05443718112605,329.35817973852403,330.1681598915852,330.7756450063812,331.68687267857507,332.3956053125036,332.80059538903424,333.40808050383015,333.91431809949347,334.2180606568914,334.72429825255466,335.2305358482179,335.5342784056159,336.2430110395445,336.8504961543404,337.25548623087104,337.66047630740167,337.9642188647996,338.16671390306493,338.16671390306493,338.3692089413302,338.57170397959555
NH,0.142208625405083,0.21331293810762447,0.21331293810762447,0.21331293810762447,0.284417250810166,0.42662587621524894,0.6399388143228735,1.279877628645747,1.7776078175635375,2.9152768208042015,3.981841511342324,5.68834501620332,7.537057146469398,9.385769276735477,12.087733159432053,15.145218605641338,18.416016989958248,21.615711061572615,25.66865688561748,30.219332898580134,34.91221753694787,40.1028323642334,45.29344719151893,51.4084180839375,57.736701914463694,64.63382024661021,72.3130860184847,79.21020435063123,97.27069977707677,98.19505584220981,108.36297255867323,118.45978496243413,125.99684210890352,132.96506475375259,142.63525128129825,150.8122472420905,159.2025561409904,166.95292622556744,173.85004455771394,184.51569146309518,189.56409766497563,193.2615219255078,195.32354699388148,198.4521367527933,201.79403944981277,204.28269039440173,207.26907152790847,209.47330522168724,212.17526910438383,214.3795027981626,216.51263217923886,218.50355293491,220.42336937787863,222.0587685700371,223.2675418859803,224.8318367654362,225.61398420516417,226.11171439408196,227.10717477191753,227.81821789894295,228.81367827677852,229.73803434191157,230.52018178163954,231.08901628325987,231.30232922136747,231.8711637229878,232.29778959920307,232.93772841352595,233.43545860244373,233.71987585325388,234.14650172946915,234.50202329298185,234.71533623108948,235.07085779460218,235.4263793581149,235.6396922962225,236.1374224851403,236.56404836135556,236.8484656121657,237.1328828629759,237.3461958010835,237.4884044264886,237.4884044264886,237.63061305189368,237.77282167729877
NJ,0.9589453783811909,1.4384180675717864,1.4384180675717864,1.4384180675717864,1.9178907567623817,2.8768361351435727,4.3152542027153595,8.630508405430719,11.986817229764887,19.658380256814414,26.850470594673347,38.357815135247634,50.824105054203116,63.2903949731586,81.51035716240123,102.12768279759683,124.18342650036422,145.759697513941,173.08964079780495,203.77589290600307,235.42109039258236,270.42259670349586,305.4241030144093,346.6587542848005,389.3318236227635,435.8406744742513,487.6237249068356,534.1325757583234,655.9186388127346,662.1517837722123,730.7163783264675,798.801500191532,849.6256052457352,896.6139287864135,961.8222145163345,1016.961573773253,1073.5393510977433,1125.8018742195181,1172.310725071006,1244.2316284495953,1278.2741893821276,1303.2067692200385,1317.1114772065657,1338.2082755309518,1360.74349192291,1377.5250360445807,1397.6628889905858,1412.5265423554943,1430.7465045447368,1445.6101579096453,1459.9943385853633,1473.4195738826998,1486.365336490846,1497.3932083422296,1505.5442440584698,1516.092643220663,1521.3668428017593,1524.7231516260936,1531.435769274762,1536.2304961666678,1542.9431138153361,1549.176258774814,1554.4504583559105,1558.2862398694351,1559.7246579370071,1563.5604394505317,1566.4372755856753,1570.7525297883908,1574.1088386127249,1576.0267293694872,1578.903565504631,1581.3009289505837,1582.7393470181555,1585.1367104641085,1587.5340739100616,1588.9724919776334,1592.3288008019674,1595.2056369371112,1597.1235276938735,1599.0414184506358,1600.4798365182075,1601.4387818965888,1601.4387818965888,1602.39772727497,1603.356672653351
NM,0.21860149070184523,0.32790223605276786,0.32790223605276786,0.32790223605276786,0.43720298140369046,0.6558044721055357,0.9837067081583036,1.9674134163166073,2.7325186337730654,4.481330559387827,6.120841739651667,8.74405962807381,11.585879007197798,14.427698386321786,18.581126709656846,23.281058759746518,28.308893045888958,33.22742658668048,39.45756907168307,46.452816774142114,53.666665967303004,61.64562037792036,69.62457478853771,79.02443888871706,88.75220522494917,99.35437752398866,111.1588580218883,121.7610303209278,149.52341964006214,150.94432932962414,166.57433591480608,182.0950417546371,193.68092076183487,204.3923938062253,219.25729517395078,231.82688088930686,244.72436884071575,256.6381500839663,267.24032238300583,283.6354341856442,291.3957871055597,297.07942586380767,300.2491474789844,305.058380274425,310.1955153059184,314.0210413932007,318.6116726979394,321.999995803818,326.1534241271531,329.5417472330317,332.82076959355936,335.8811904633852,338.83231058786015,341.34622773093133,343.204340401897,345.6089567996173,346.8112649984775,347.57637021593393,349.10658065084687,350.19958810435605,351.729798539269,353.150708228831,354.35301642769116,355.22742239049853,355.5553246265513,356.42973058935866,357.0855350614642,358.0692417696225,358.83434698707896,359.27154996848265,359.9273544405882,360.4738581673428,360.8017604033956,361.3482641301502,361.8947678569048,362.22267009295757,362.987775310414,363.64357978251957,364.08078276392325,364.51798574532694,364.8458879813797,365.06448947208156,365.06448947208156,365.2830909627834,365.50169245348525
NV,0.320503517060894,0.48075527559134107,0.48075527559134107,0.48075527559134107,0.641007034121788,0.9615105511826821,1.4422658267740232,2.8845316535480463,4.006293963261176,6.570322099748328,8.974098477705033,12.820140682435762,16.986686404227385,21.153232126019006,27.242798950175995,34.13362456698522,41.50520545938578,48.71653459325589,57.85088482949138,68.10699737543999,78.68361343844948,90.38199181117213,102.08037018389476,115.8620214175132,130.12442792672297,145.66884850417634,162.97603842546462,178.520459002918,219.22440566965153,221.30767853054735,244.22368000040126,266.9794297117247,283.9661161159521,299.67078845193595,321.4650276120767,339.8939798430781,358.8036873496709,376.2711290294896,391.81554960694297,415.85331338651,427.23118824217175,435.564279685755,440.211580683138,447.26265805847765,454.79449070940865,460.4033022579743,467.1338761162531,472.10168063069693,478.1912474548539,483.15905196929776,487.9666047252112,492.45365396406373,496.7804514443858,500.46624189058605,503.19052178560366,506.7160604732735,508.4788298171084,509.60059212682154,511.8441167462478,513.4466343315522,515.6901589509786,517.7734318118744,519.5362011557093,520.8182152239528,521.2989704995442,522.5809845677877,523.5424951189705,524.9847609457445,526.1065232554575,526.7475302895793,527.7090408407621,528.5102996334143,528.9910549090056,529.7923137016579,530.5935724943101,531.0743277699014,532.1960900796146,533.1576006307972,533.798607664919,534.4396146990408,534.9203699746322,535.240873491693,535.240873491693,535.561377008754,535.8818805258148
NY,2.0854674215612214,3.128201132341832,3.128201132341832,3.128201132341832,4.170934843122443,6.256402264683664,9.384603397025495,18.76920679405099,26.068342769515265,42.75208214200504,58.393087803714195,83.41869686244885,110.52977334274473,137.6408498230406,177.2647308327038,222.10228039627006,270.06803109217816,316.9910480773056,376.4268695918004,443.1618270817595,511.9822519932798,588.1018128802643,664.221373767249,753.8964728943815,846.6997731538559,947.8449430995751,1060.460183863881,1161.6053538096003,1426.4597163478754,1440.0152545880233,1589.1261752296505,1737.1943621604973,1847.724135503242,1949.9120391597419,2091.723823825905,2211.638200565675,2334.680778437787,2448.3387529128736,2549.483922858593,2705.893979475685,2779.928072941108,2834.1502259016997,2864.3895035143373,2910.269786788684,2959.278271195373,2995.773951072694,3039.56876692548,3071.893511959679,3111.517392969342,3143.842138003541,3175.1241493269595,3204.3206932288163,3232.4745034198927,3256.457378767847,3274.183851851117,3297.1239934882906,3308.5940643068775,3315.8932002823417,3330.4914722332705,3340.918809341076,3355.517081292005,3369.072619532153,3380.5426903507396,3388.8845600369846,3392.0127611693265,3400.354630855571,3406.611033120255,3415.99563651728,3423.294772492745,3427.465707335867,3433.722109600551,3438.9357781544536,3442.0639792867955,3447.2776478406986,3452.4913163946017,3455.6195175269436,3462.918653502408,3469.1750557670916,3473.345990610214,3477.5169254533366,3480.645126585678,3482.7305940072397,3482.7305940072397,3484.816061428801,3486.901528850362
OH,1.2098001386762234,1.8147002080143353,1.8147002080143353,1.8147002080143353,2.4196002773524468,3.6294004160286706,5.444100624043005,10.88820124808601,15.122501733452793,24.80090284286258,33.87440388293426,48.39200554704894,64.11940734983985,79.84680915263075,102.833011787479,128.8437147690178,156.66911795857095,183.88962107878598,218.36892503105832,257.0825294686975,297.00593404501285,341.16363910669503,385.32134416837715,437.3427501314548,491.1788563025467,549.8541630283436,615.1833705168597,673.8586772426564,827.5032948545369,835.3669957559323,921.8677056712822,1007.7635155172942,1071.882922867134,1131.163129662269,1213.429539092252,1282.993047066135,1354.3712552480322,1420.3053628058863,1478.9806695316831,1569.7156799324,1612.6635848554058,1644.1183884609877,1661.6604904717929,1688.27609352267,1716.7063967815611,1737.877899208395,1763.2837021205958,1782.035604270077,1805.0218069049254,1823.773709054407,1841.9207111345502,1858.8579130760174,1875.1902149481464,1889.102916542923,1899.3862177216708,1912.6940192471093,1919.3479200098286,1923.5822204951953,1932.050821465929,1938.09982215931,1946.5684231300436,1954.4321240314391,1961.0860247941582,1965.9252253488633,1967.7399255568776,1972.5791261115824,1976.208526527611,1981.652627151654,1985.8869276370208,1988.3065279143732,1991.935928330402,1994.9604286770925,1996.7751288851068,1999.7996292317973,2002.824129578488,2004.6388297865024,2008.873130271869,2012.5025306878977,2014.9221309652503,2017.3417312426027,2019.156431450617,2020.3662315892932,2020.3662315892932,2021.5760317279694,2022.7858318666456
OK,0.4087421372787735,0.6131132059181603,0.6131132059181603,0.6131132059181603,0.817484274557547,1.2262264118363206,1.8393396177544807,3.6786792355089615,5.109276715984669,8.379213814214857,11.444779843805659,16.34968549115094,21.663333275774995,26.97698106039905,34.74308166869575,43.53103762018938,52.93210677760117,62.12880486637358,73.77795577881862,86.85770417173937,100.3461947019389,115.26528271261414,130.18437072328936,147.76028262627662,165.94930773518206,185.77330139320256,207.84537680625633,227.66937046427685,279.57962189868107,282.2364457909931,311.4615086064254,340.48220035321833,362.14553362899335,382.17389835565325,409.96836369060986,433.4710365841393,457.58682268358695,479.8632691652801,499.6872628233006,530.3429231192086,544.8532689926051,555.4805645618532,561.4073255523954,570.3996525725285,580.0050927985797,587.1580802009581,595.7416650838124,602.0771682116334,609.8432688199301,616.1787719477511,622.3099040069327,628.0322939288355,633.5503127820989,638.2508473608049,641.7251555276745,646.221319037741,648.4694007927742,649.8999982732499,652.7611932342013,654.8049039205952,657.6660988815465,660.3229227738586,662.5710045288919,664.205973078007,664.8190862839251,666.4540548330402,667.6802812448765,669.519620862631,670.9502183431067,671.7677026176643,672.9939290295006,674.0157843726976,674.6288975786157,675.6507529218126,676.6726082650096,677.2857214709277,678.7163189514034,679.9425453632398,680.7600296377973,681.5775139123548,682.190627118273,682.5993692555518,682.5993692555518,683.0081113928305,683.4168535301093
OR,0.4393974388345219,0.6590961582517829,0.6590961582517829,0.6590961582517829,0.8787948776690439,1.3181923165035658,1.9772884747553487,3.9545769495106975,5.492467985431524,9.0076474961077,12.303128287366615,17.575897553380877,23.288064258229664,29.000230963078447,37.34878230093437,46.79582723587659,56.90196832907059,66.78841070284733,79.31123770963121,93.37195575233591,107.87207123387513,123.91007775133518,139.94808426879524,158.84217413867967,178.39536016681592,199.70613595029022,223.43359764735442,244.74437343082872,300.547848162813,303.4039315152374,334.8208483919057,366.0180665491568,389.3061308073864,410.836605310278,440.7156311510255,465.9809838840105,491.90543277524733,515.8525931917287,537.1633689752031,570.1181768877922,585.7167859664178,597.1411193761153,603.5123822392159,613.1791258935754,623.5049657061867,631.1944208857908,640.4217671013157,647.2324274032508,655.5809787411067,662.3916390430418,668.9826006255596,675.134164769243,681.066030193509,686.119100740106,689.8539789701995,694.6873507973792,697.104036710969,698.6419277468899,701.7177098187316,703.9146970129042,706.9904790847457,709.8465624371702,712.26324835076,714.0208381060982,714.67993426435,716.437524019688,717.7557163361915,719.7330048109469,721.2708958468678,722.1496907245368,723.4678830410404,724.5663766381267,725.2254727963784,726.3239663934647,727.422459990551,728.0815561488029,729.6194471847236,730.9376395012273,731.8164343788962,732.6952292565653,733.3543254148171,733.7937228536516,733.7937228536516,734.2331202924862,734.6725177313207
PA,1.3423282512053631,2.0134923768080446,2.0134923768080446,2.0134923768080446,2.6846565024107263,4.026984753616089,6.040477130424134,12.080954260848268,16.77910314006704,27.517729149709943,37.585191033750164,53.69313004821452,71.14339731388424,88.59366457955396,114.09790135245586,142.95795875337117,173.83150853109453,204.03389418321518,242.29024934256805,285.2447533811397,329.5415856709166,378.5365668399124,427.53154800890815,485.25166281073876,544.9852699893775,610.0881901728375,682.5739157379271,747.6768359213872,918.1525238244683,926.8776574573033,1022.8541274184867,1118.1594332540674,1189.3028305679518,1255.0769148770146,1346.3552359589792,1423.5391104032876,1502.7364772244039,1575.8933669150963,1640.9962870985564,1741.6709059389586,1789.323558856749,1824.2240933880885,1843.6878530305662,1873.2190745570842,1904.7637884604103,1928.254532856504,1956.4434261318168,1977.2495140254998,2002.7537507984016,2023.559838692085,2043.6947624601653,2062.4873579770406,2080.608789368313,2096.0455642571746,2107.45535439242,2122.220965155679,2129.6037705373087,2134.301919416527,2143.6982171749646,2150.409858430992,2159.806156189429,2168.531289822264,2175.9140952038933,2181.283408208715,2183.296900585523,2188.6662135903443,2192.6931983439604,2198.7336754743847,2203.4318243536036,2206.1164808560143,2210.1434656096303,2213.499286237644,2215.5127786144517,2218.8685992424653,2222.2244198704784,2224.2379122472867,2228.9360611265056,2232.9630458801216,2235.6477023825323,2238.332358884943,2240.345851261751,2241.688179512956,2241.688179512956,2243.0305077641615,2244.3728360153673
RI,0.11328745829554555,0.16993118744331834,0.16993118744331834,0.16993118744331834,0.2265749165910911,0.3398623748866367,0.509793562329955,1.01958712465991,1.4160932286943195,2.322392895058684,3.1720488322752756,4.5314983318218225,6.004235289663915,7.476972247506007,9.629433955121373,12.065114308475602,14.670725849273149,17.219693660922925,20.448386222345974,24.07358488780343,27.812071011556434,31.947063239343848,36.08205546713126,40.95341617383972,45.994708067991496,51.48914979532545,57.606672543284915,63.10111427061887,77.48862147415316,78.2249899530742,86.32504322120572,94.36845276018944,100.37268804985337,105.9237735063351,113.6273206704322,120.14134952242607,126.82530956186325,132.99947603897047,138.49391776630443,146.99047713847037,151.01218190796223,153.9576558236464,155.60032396893183,158.09264805143383,160.75490332137915,162.7374338415512,165.11647046575766,166.87242606933862,169.02488777695396,170.78084338053492,172.4801552549681,174.06617967110574,175.5955603580956,176.8983661284944,177.86130952400651,179.10747156525753,179.73055258588303,180.12705868991745,180.92007089798625,181.486508189464,182.2795203975328,183.01588887645386,183.63896989707933,184.09211973026152,184.26205091770484,184.71520075088702,185.05506312577367,185.56485668810362,185.96136279213803,186.18793770872912,186.52780008361574,186.81101872935463,186.98094991679795,187.2641685625368,187.54738720827567,187.717318395719,188.1138244997534,188.45368687464003,188.68026179123112,188.9068367078222,189.07676789526553,189.1900553535611,189.1900553535611,189.30334281185662,189.41663027015218
SC,0.5283984464131151,0.7925976696196725,0.7925976696196725,0.7925976696196725,1.0567968928262301,1.585195339239345,2.3777930088590176,4.755586017718035,6.604980580163938,10.832168151468858,14.79515649956722,21.135937856524603,28.005117659895095,34.87429746326559,44.913867945114774,56.27443454299675,68.4275988104984,80.31656385479349,95.37591957756726,112.28466986278694,129.72181859441974,149.00836188849843,168.29490518257714,191.01603837834108,214.5297692437247,240.15709389476078,268.690610001069,294.31793465210507,361.4245373465707,364.8591272482559,402.63961616679364,440.1559058621248,468.1610235220199,494.0525473962625,529.9836417523544,560.3665524211085,591.5420607594823,620.339776088997,645.9671007400332,685.5969842210168,704.3551290686823,718.0934886754234,725.7552661484135,737.380031969502,749.7973954602102,759.0443682724398,770.1407356471151,778.3309115665185,788.3704820483676,796.5606579677709,804.4866346639676,811.8842129137512,819.0175919403283,825.0941740740791,829.5855608685906,835.3979437791348,838.304135234407,840.1535297968529,843.8523189217447,846.4943111538103,850.1931002787021,853.6276901803873,856.5338816356594,858.6474754213119,859.4400730909316,861.5536668765841,863.1388622158235,865.5166552246824,867.3660497871283,868.4228466799545,870.0080420191939,871.3290381352267,872.1216358048464,873.4426319208792,874.7636280369119,875.5562257065316,877.4056202689775,878.9908156082168,880.0476125010431,881.1044093938693,881.897007063489,882.4254055099021,882.4254055099021,882.9538039563153,883.4822024027284
SD,0.0915346938337042,0.1373020407505563,0.1373020407505563,0.1373020407505563,0.1830693876674084,0.2746040815011126,0.4119061222516689,0.8238122445033378,1.1441836729213026,1.8764612235909361,2.562971427343718,3.6613877533481682,4.851338773186323,6.041289793024477,7.780448975864857,9.748444893289497,11.853742851464695,13.913273462723039,16.52201223698361,19.451122439662143,22.47176733617438,25.812783661104586,29.153799986034787,33.08979182088407,37.163085696483904,41.60251834741856,46.54539181443859,50.984824465373244,62.609730582253675,63.20470609217275,69.7494367012826,76.2483999634756,81.09973873666192,85.58493873451343,91.80929791520532,97.07254281064331,102.47308974683186,107.46173056076873,111.90116321170339,118.7662652492312,122.0157468803277,124.395648920004,125.72290198059272,127.73666524493422,129.88773055002628,131.4895876921161,133.4118162626239,134.83060401704628,136.56976319988667,137.9885509543091,139.36157136181464,140.6430570754865,141.8787754422415,142.93142442132913,143.7094693189156,144.71635095108635,145.21979176717173,145.54016319558968,146.1809060524256,146.63857952159412,147.27932237843007,147.87429788834913,148.3777387044345,148.74387747976934,148.88117952051988,149.2473182958547,149.52192237735582,149.93382849960747,150.25419992802546,150.43726931569284,150.71187339719398,150.94071013177822,151.0780121725288,151.30684890711305,151.5356856416973,151.67298768244785,151.99335911086584,152.26796319236695,152.45103258003434,152.63410196770175,152.77140400845232,152.86293870228602,152.86293870228602,152.9544733961197,153.04600808995343
TN,0.7134376530689835,1.0701564796034753,1.0701564796034753,1.0701564796034753,1.426875306137967,2.1403129592069505,3.210469438810426,6.420938877620852,8.917970663362293,14.625471887914163,19.97625428593154,28.537506122759343,37.812195612656126,47.08688510255291,60.6422005108636,75.98111005184674,92.39017607243336,108.4425232664855,128.77549637895152,151.605501277159,175.14894382843545,201.18941816545336,227.22989250247127,257.90771158443755,289.6556871460073,324.257413319853,362.7830465855781,397.3847727594238,487.99135469918474,492.62869944413313,543.6394916385655,594.2935650064633,632.1057606191195,667.0642056194996,715.5779660281905,756.6006310796571,798.693452610727,837.5758047029867,872.1775308768324,925.6853548570061,951.012391540955,969.5617705207486,979.9066164902489,995.6022448577666,1012.3680297048877,1024.8531886335948,1039.8353793480435,1050.8936629706127,1064.4489783789234,1075.5072620014928,1086.2088267975275,1096.1969539404931,1105.8283622569245,1114.0328952672178,1120.097115318304,1127.944929502063,1131.8688365939424,1134.365868379684,1139.3599319511668,1142.9271202165116,1147.9211837879946,1152.558528532943,1156.4824356248223,1159.3361862370982,1160.4063427167018,1163.2600933289777,1165.4004062881845,1168.6108757269951,1171.1079075127366,1172.5347828188744,1174.6750957780814,1176.458689910754,1177.5288463903573,1179.3124405230299,1181.0960346557022,1182.1661911353058,1184.6632229210472,1186.8035358802542,1188.230411186392,1189.6572864925301,1190.7274429721335,1191.4408806252025,1191.4408806252025,1192.1543182782716,1192.8677559313405
TX,3.0088239178899125,4.513235876834869,4.513235876834869,4.513235876834869,6.017647835779825,9.026471753669737,13.539707630504607,27.079415261009213,37.610298973623905,61.68089031674321,84.24706970091755,120.3529567155965,159.46766764816536,198.58237858073423,255.75003302064258,320.4397472552757,389.6426973667437,457.3412355192667,543.0927171791292,639.3750825516064,738.6662718419735,848.4883448449553,958.3104178479372,1087.6898463172033,1221.5825106633044,1367.5104706809652,1529.9869622470205,1675.9149222646813,2058.0355598367,2077.5929153029847,2292.7238254321132,2506.350323602297,2665.8179912504625,2813.250363227068,3017.8503896435823,3190.857764922252,3368.378376077757,3532.3592796027574,3678.287239620418,3903.9490334621614,4010.7622825472536,4088.9917044123913,4132.619651221795,4198.813777415373,4269.521139485786,4322.17555804886,4385.3608603245475,4431.997631051841,4489.165285491749,4535.802056219043,4580.934414987391,4623.05794983785,4663.677072729364,4698.278547785098,4723.8535510871625,4756.950614183952,4773.499145732346,4784.030029444961,4805.091796870191,4820.13591645964,4841.19768388487,4860.755039351154,4877.3035708995485,4889.338866571108,4893.852102447942,4905.887398119502,4914.913869873172,4928.453577503677,4938.9844612162915,4945.002109052071,4954.028580805741,4961.550640600466,4966.0638764773,4973.585936272026,4981.10799606675,4985.621231943585,4996.152115656199,5005.17858740987,5011.196235245649,5017.213883081429,5021.727118958264,5024.735942876154,5024.735942876154,5027.744766794044,5030.753590711934
UT,0.3377438981054308,0.5066158471581462,0.5066158471581462,0.5066158471581462,0.6754877962108616,1.0132316943162925,1.5198475414744388,3.0396950829488776,4.2217987263178856,6.923749911161332,9.456829146952064,13.509755924217233,17.900426599587835,22.291097274958435,28.70823133896162,35.969725148228385,43.73783480465329,51.337072512025486,60.96277360803027,71.77057834740405,82.91612698488326,95.24377926573149,107.57143154657972,122.09441916511325,137.12402263080492,153.5046016889183,171.74277218661157,188.12335124472497,231.0168263041147,233.21216164179998,257.3608503563383,281.34066712182386,299.24109372141174,315.7905447285778,338.75712979974713,358.17740394080937,378.10429392902984,396.5113363757758,412.8919154338892,438.2227077917965,450.2126161745393,458.9939575252805,463.89124404780927,471.3216098061287,479.25859141160635,485.1691096284514,492.2617314886654,497.4967619092996,503.91389597330283,509.14892639393696,514.2150848655184,518.9434994389944,523.5030420634178,527.3870968916302,530.2579200255265,533.9731029046861,535.830694344266,537.012797987635,539.377005274373,541.0657247649002,543.4299320516382,545.6252673893235,547.4828588289034,548.8338344213252,549.3404502684832,550.6914258609049,551.7046575552213,553.2245050966957,554.4066087400647,555.0820965362756,556.0953282305919,556.9396879758555,557.4463038230136,558.2906635682772,559.1350233135407,559.6416391606989,560.8237428040679,561.8369744983842,562.512462294595,563.1879500908059,563.6945659379641,564.0323098360695,564.0323098360695,564.3700537341749,564.7077976322804
VA,0.8910582164593671,1.3365873246890507,1.3365873246890507,1.3365873246890507,1.7821164329187342,2.6731746493781015,4.0097619740671515,8.019523948134303,11.13822770574209,18.266693437417025,24.94963006086228,35.64232865837469,47.226085472346455,58.80984228631823,75.7399483990462,94.8977000529226,115.39203903148804,135.4408489018238,160.83600807091577,189.3498709976155,218.7547921407746,251.27841704154153,283.80204194230845,322.1175452500612,361.76963588250305,404.98595938078233,453.10310306958814,496.3194265678675,609.4838200582071,615.2756984651929,678.9863609420378,742.2514943106528,789.4775797829992,833.1394323895082,893.7313911087452,944.9672385551588,997.5396733262614,1046.102346123297,1089.3186696215762,1156.1480358560289,1187.7806025403363,1210.94811616828,1223.8684603069407,1243.4717410690469,1264.411609155842,1280.0051279438808,1298.7173504895275,1312.5287528446477,1329.4588589573757,1343.270261312496,1356.6361345593864,1369.1109495898174,1381.140235512019,1391.3874050013017,1398.9613998412065,1408.7630402222594,1413.6638604127859,1416.7825641703937,1423.0199716856093,1427.475262767906,1433.7126702831217,1439.5045486901076,1444.4053688806341,1447.9696017464714,1449.3061890711606,1452.8704219369981,1455.5435965863762,1459.5533585604433,1462.672062318051,1464.4541787509697,1467.1273534003478,1469.3549989414964,1470.6915862661854,1472.9192318073337,1475.1468773484821,1476.4834646731713,1479.602168430779,1482.2753430801572,1484.0574595130759,1485.8395759459947,1487.1761632706837,1488.0672214871431,1488.0672214871431,1488.9582797036023,1489.8493379200618
VT,0.06638778290665719,0.09958167435998577,0.09958167435998577,0.09958167435998577,0.13277556581331437,0.19916334871997154,0.2987450230799573,0.5974900461599146,0.8298472863332148,1.3609495495864723,1.8588579213864012,2.655511316266287,3.5185524940528308,4.381593671839374,5.642961547065861,7.07029887955899,8.597217886412105,10.090943001811892,11.982994814651622,14.107403867664651,16.29820070358434,18.721354779677327,21.14450885577031,23.99918352075657,26.953439860102815,30.17324733107569,33.75818760803518,36.97799507900805,45.409243508153516,45.84076409704679,50.587490574872774,55.30102316124543,58.819575655298266,62.07257701772447,66.58694625537716,70.40424377250994,74.32112296400271,77.93925713241553,81.1590646033884,86.13814832138769,88.49491461457403,90.22099697014711,91.18361982229364,92.6441510462401,94.20426394454654,95.36605014541304,96.76019358645284,97.78920422150603,99.05057209673252,100.0795827317857,101.07539947538557,102.00482843607877,102.90106350531863,103.66452300874519,104.22881916345177,104.95908477542501,105.32421758141162,105.55657482158492,106.02128930193152,106.35322821646481,106.81794269681141,107.24946328570468,107.6145960916913,107.88014722331792,107.9797288976779,108.24528002930454,108.4444433780245,108.74318840110446,108.97554564127776,109.10832120709108,109.30748455581106,109.4734540130777,109.57303568743768,109.73900514470432,109.90497460197096,110.00455627633096,110.23691351650426,110.43607686522422,110.56885243103754,110.70162799685086,110.80120967121084,110.8675974541175,110.8675974541175,110.93398523702415,111.0003730199308
WA,0.7954514346847894,1.193177152027184,1.193177152027184,1.193177152027184,1.5909028693695788,2.386354304054368,3.5795314560815523,7.159062912163105,9.943142933559868,16.306754411038185,22.272640171174103,31.818057387391576,42.15892603829384,52.4997946891961,67.6133719482071,84.71557779393007,103.01096079168023,120.90861807208799,143.5789839606045,169.03342987051775,195.2833272151158,224.31730458111062,253.35128194710543,287.55569363855136,322.9532824820245,361.5326770642368,404.48705453721544,443.0664491194277,544.088781324396,549.2592156498471,606.1339932298096,662.6110450924295,704.7699711307234,743.7470914302781,797.8377889888437,843.5762464832192,890.5078811296218,933.8599843199428,972.439378902155,1032.0982365035143,1060.3367624348243,1081.0184997366289,1092.5525455395582,1110.0524771026237,1128.7455858177161,1142.6659859247,1159.3704660530805,1171.6999632906948,1186.8135405497057,1199.14303778732,1211.074809307592,1222.211129393179,1232.9497237614237,1242.0974152602987,1248.8587524551194,1257.608718236652,1261.9837011274185,1264.7677811488152,1270.3359411916088,1274.3131983650326,1279.8813584078262,1285.0517927332774,1289.4267756240436,1292.6085813627828,1293.80175851481,1296.983564253549,1299.3699185576036,1302.949450013685,1305.733530035082,1307.3244329044514,1309.7107872085057,1311.6994157952176,1312.892592947245,1314.881221533957,1316.8698501206688,1318.063027272696,1320.847107294093,1323.2334615981472,1324.8243644675167,1326.4152673368862,1327.6084444889136,1328.4038959235984,1328.4038959235984,1329.1993473582831,1329.994798792968
WI,0.6084354923237151,0.9126532384855727,0.9126532384855727,0.9126532384855727,1.2168709846474302,1.8253064769711453,2.737959715456718,5.475919430913436,7.6054436540464385,12.47292759263616,17.03619378506402,24.337419692948604,32.2470810931569,40.1567424933652,51.71701684751579,64.79837993247565,78.7923962559211,92.4821948332047,109.82260636443058,129.29254211878947,149.37091336547206,171.57880883528767,193.78670430510326,219.949430475023,247.02480988342833,276.53393126112854,309.38944784660913,338.8985692243093,416.1698767494211,420.12470744952526,463.6278451506709,506.8267651056547,539.0738461988116,568.8871853226736,610.2607988006863,645.2458396092999,681.1435336563991,714.3032679880415,743.8123893657418,789.4450512900204,811.0445112675122,826.8638340679288,835.6861487066227,849.0717295377444,863.3699636073518,874.0175847230167,886.7947300618148,896.2254801928324,907.785754546983,917.2165046780005,926.3430370628563,934.8611339553883,943.0750131017584,950.0720212634811,955.2437229482327,961.9365133637936,965.282908571574,967.412432794707,971.671481240973,974.7136587025916,978.9727071488576,982.9275378489617,986.2739330567422,988.707675026037,989.6203282645226,992.0540702338175,993.8793767107886,996.6173364262454,998.7468606493784,999.9637316340257,1001.7890381109969,1003.3101268418062,1004.2227800802918,1005.743868811101,1007.2649575419103,1008.177610780396,1010.307135003529,1012.1324414805001,1013.3493124651475,1014.566183449795,1015.4788366882805,1016.0872721806043,1016.0872721806043,1016.6957076729279,1017.3041431652516
WV,0.18517351484223116,0.27776027226334676,0.27776027226334676,0.27776027226334676,0.3703470296844623,0.5555205445266935,0.8332808167900402,1.6665616335800804,2.3146689355278895,3.796057054265739,5.184858415582473,7.406940593689247,9.814196286638252,12.221451979587258,15.739748761589649,19.72097933069762,23.979970172068935,28.146374256019136,33.42381942902272,39.349371903974124,45.46009789376775,52.218931185509184,58.97776447725062,66.94022561546656,75.18044702594585,84.16136249579407,94.16073229727455,103.14164776712276,126.65868415208611,127.86231199856061,141.10221830978014,154.24953786357855,164.06373415021682,173.13723637748615,185.72903538675786,196.37651249018614,207.30174986587778,217.3937064247794,226.3746218946276,240.26263550779493,246.83629528469413,251.65080667059215,254.3358226358045,258.4096399623336,262.76121756112605,266.00175407086505,269.8903978825519,272.7605873626065,276.27888414460887,279.14907362466346,281.92667634729696,284.5191055550882,287.0189480054583,289.14844342614396,290.7224183023029,292.7593269655675,293.77778129719974,294.4258885991475,295.72210320304316,296.64797077725433,297.94418538114996,299.14781322762445,300.1662675592567,300.90696161862564,301.18472189088897,301.9254159502579,302.4809364947846,303.3142173115746,303.96232461352247,304.33267164320694,304.88819218773364,305.3511259748392,305.6288862471025,306.0918200342081,306.5547538213137,306.83251409357706,307.48062139552485,308.03614194005155,308.406488969736,308.7768359994205,309.0545962716838,309.23976978652604,309.23976978652604,309.4249433013683,309.6101168162105
WY,0.059550969724446845,0.08932645458667027,0.08932645458667027,0.08932645458667027,0.11910193944889369,0.17865290917334053,0.2679793637600108,0.5359587275200216,0.7443871215555855,1.2207948793511603,1.6674271522845117,2.382038788977874,3.1562013953956827,3.9303640018134915,5.061832426577982,6.3421782756535885,7.711850579315866,9.05174739811592,10.748950035262656,12.654581066444955,14.6197630673517,16.79337346229401,18.96698385723632,21.527675555387532,24.177693708125418,27.06591573976109,30.28166810488122,33.16989013651689,40.73286329152164,41.11994459473055,45.377838930028496,49.605957780464216,52.7621591758599,55.6801566923578,59.72962263362018,63.15380339277588,66.66731060651824,69.9128384565006,72.80106048813626,77.26738321746977,79.38144264268765,80.92976785552325,81.79325691652774,83.10337825046557,84.50282603899007,85.54496800916789,86.79553837338128,87.7185784041102,88.85004682887468,89.77308685960361,90.66635140547032,91.50006498161257,92.3040030728926,92.98883922472375,93.49502246738155,94.15008313435045,94.47761346783491,94.68604186187048,95.10289864994161,95.40065349856384,95.81751028663497,96.20459158984387,96.53212192332833,96.77032580222613,96.8596522568128,97.09785613571057,97.27650904488392,97.54448840864393,97.7529168026795,97.87201874212839,98.05067165130173,98.19954907561284,98.28887553019952,98.43775295451063,98.58663037882175,98.67595683340842,98.88438522744399,99.06303813661732,99.18214007606622,99.30124201551511,99.39056847010178,99.45011943982622,99.45011943982622,99.50967040955068,99.56922137927512
